{
  "min": {
    "thumb": 152.70918604643575,
    "index": 39.9747626783108,
    "middle": 34.09620380027134,
    "ring": 27.1097031619935,
    "pinky": 32.62967179355616
  },
  "max": {
    "thumb": 174.54302006453193,
    "index": 174.7584781289434,
    "middle": 176.48926383830488,
    "ring": 179.41630599627382,
    "pinky": 173.1517429037169
  }
}