{"baseline": {"index": 0.12956201848936968, "middle": 0.10180430069334066, "ring": 0.19905729728666482, "pinky": 0.19905729728666482}, "min": {"index": 0.09622657435659857, "middle": 0.09060919972510999, "ring": 0.1689022925935124, "pinky": 0.1689022925935124}, "max": {"index": 0.16465761133026915, "middle": 0.10219426603831307, "ring": 0.20566332934416678, "pinky": 0.20566332934416678}}