{"baseline": {"index": -82.13331400543545, "middle": -105.35550535445554, "ring": -123.30120931971902, "pinky": 62.045295247931804}, "min": {"index": -76.75209706826733, "middle": -106.69676192716042, "ring": -125.66000562373826, "pinky": 51.98136355791323}, "max": {"index": -80.79200434001045, "middle": -96.0945981278718, "ring": -115.26515905219455, "pinky": 89.28110638312312}}