{"baseline": {"index": 5.060506312569003, "middle": 2.9565234219116356, "ring": 2.92793903513249, "pinky": 4.410457674136709}, "min": {"index": 5.7185461048390245, "middle": 3.007131183948636, "ring": 4.479753957042598, "pinky": 8.719993826644782}, "max": {"index": 4.2627499147642105, "middle": 2.3042791062901515, "ring": 3.626755310633597, "pinky": 4.790972569233269}}